id;nom_fichier;fich;fich_content_type
1;COM Investment Account invoice;../fake-data/blob/hipster.png;image/png
2;Security;../fake-data/blob/hipster.png;image/png
3;secondary schemas Guatemala;../fake-data/blob/hipster.png;image/png
4;Mission Markets client-server;../fake-data/blob/hipster.png;image/png
5;Hat Rustic Fresh;../fake-data/blob/hipster.png;image/png
6;orange;../fake-data/blob/hipster.png;image/png
7;Hat;../fake-data/blob/hipster.png;image/png
8;Investor;../fake-data/blob/hipster.png;image/png
9;Cheese Function-based Practical;../fake-data/blob/hipster.png;image/png
10;Bacon Usability;../fake-data/blob/hipster.png;image/png
