id;nom;domaine;description
1;Iran;New Mexico;holistic Tools indigo
2;revolutionize Idaho Home;navigating vertical;quantify seamless
3;olive Belarus Tasty;Plastic Tunnel;payment CSS Zloty
4;payment Montana;Borders Handcrafted Granite Salad red;Small El Salvador Colon US Dollar
5;SQL transmitter;Wooden SCSI Supervisor;Steel invoice Open-architected
6;Shores;Shoes Response Assistant;Fork
7;efficient Personal Loan Account;Functionality;Hat strategize feed
8;Senior;Trail input;Station Zambian Kwacha
9;bypassing Virginia interface;input Square Technician;Bahrain Views Administrator
10;Health global;Group New Leu;moderator Pants User-centric
