id;code;nom_poste;descrip;date_ouverture;date_cloture;is_archive;date_concours;age_limite
1;SAS payment bandwidth;purple Future-proofed Dynamic;Savings Account Advanced overriding;2022-10-31T18:33:26;2022-11-01T00:35:51;true;2022-11-01T00:48:43;72423
2;port;Gorgeous;Personal Loan Account Lead;2022-11-01T08:35:41;2022-11-01T01:20:31;false;2022-11-01T09:55:37;61367
3;capacity Focused;Tasty XSS mint green;Tasty ADP Optimization;2022-10-31T15:56:26;2022-11-01T11:25:14;false;2022-11-01T08:27:48;90468
4;backing up bypassing Checking Account;Metal;Checking Account sky blue Beauty;2022-11-01T06:45:51;2022-10-31T14:19:58;false;2022-11-01T04:47:13;86068
5;Puerto Rico Licensed Cotton Cheese Avon;Health;purple;2022-11-01T08:00:24;2022-11-01T05:56:41;false;2022-11-01T06:48:51;15394
6;Trafficway;Home Loan Account Kentucky Oklahoma;customized;2022-10-31T22:47:19;2022-11-01T09:29:01;false;2022-11-01T08:19:53;12451
7;Cambridgeshire parsing transmit;alarm;transmitting;2022-10-31T20:32:11;2022-10-31T15:07:15;true;2022-11-01T10:37:30;56824
8;payment;Shoes transmitting functionalities;payment index;2022-11-01T06:13:42;2022-10-31T17:24:52;false;2022-11-01T01:05:09;19903
9;Tasty;AI Soft COM;evolve task-force;2022-10-31T14:12:07;2022-10-31T15:37:45;true;2022-10-31T23:12:20;27955
10;GB Markets navigating;Bedfordshire Movies;Factors HTTP;2022-11-01T06:58:41;2022-10-31T19:25:55;false;2022-10-31T17:46:42;62155
